{"alerts":[{"country":"US","numOfThumbsUp":0,"type":"JAM","subType":"JAM_HEAVY_TRAFFIC","placeNearBy":"Deans","latitude":"40.425559","longitude":"-74.532993"},{"country":"US","numOfThumbsUp":2,"type":"HAZARD","subType":"HAZARD_ON_SHOULDER","placeNearBy":null,"latitude":"40.541679","longitude":"-74.309338"},{"country":"US","numOfThumbsUp":0,"type":"HAZARD","subType":"HAZARD_ON_ROAD_POT_HOLE","placeNearBy":null,"latitude":"40.538698","longitude":"-74.205275"},{"country":"US","numOfThumbsUp":0,"type":"HAZARD","subType":"HAZARD_ON_ROAD_POT_HOLE","placeNearBy":null,"latitude":"40.532356","longitude":"-74.191771"},{"country":"US","numOfThumbsUp":36,"type":"ROAD_CLOSED","subType":"ROAD_CLOSED_EVENT","placeNearBy":null,"latitude":"40.602228000000025","longitude":"-74.46591900000001"},{"country":"US","numOfThumbsUp":43,"type":"ROAD_CLOSED","subType":"ROAD_CLOSED_EVENT","placeNearBy":null,"latitude":"40.59924499999998","longitude":"-74.463351"},{"country":"US","numOfThumbsUp":0,"type":"JAM","subType":"JAM_HEAVY_TRAFFIC","placeNearBy":null,"latitude":"40.561245","longitude":"-74.299794"},{"country":"US","numOfThumbsUp":0,"type":"JAM","subType":"JAM_HEAVY_TRAFFIC","placeNearBy":null,"latitude":"40.561563","longitude":"-74.299311"},{"country":"US","numOfThumbsUp":0,"type":"POLICE","subType":"","placeNearBy":null,"latitude":"40.51494","longitude":"-74.268661"},{"country":"US","numOfThumbsUp":5,"type":"HAZARD","subType":"HAZARD_ON_ROAD_CONSTRUCTION","placeNearBy":null,"latitude":"40.47835","longitude":"-74.4078"},{"country":"US","numOfThumbsUp":0,"type":"POLICE","subType":"POLICE_HIDING","placeNearBy":null,"latitude":"40.51495","longitude":"-74.268657"},{"country":"US","numOfThumbsUp":0,"type":"HAZARD","subType":"HAZARD_ON_SHOULDER_CAR_STOPPED","placeNearBy":null,"latitude":"40.558435","longitude":"-74.266074"},{"country":"US","numOfThumbsUp":0,"type":"CHIT_CHAT","subType":"","placeNearBy":null,"latitude":"40.527391","longitude":"-74.356042"},{"country":"US","numOfThumbsUp":4,"type":"ROAD_CLOSED","subType":"ROAD_CLOSED_EVENT","placeNearBy":null,"latitude":"40.617335573049","longitude":"-74.365759730338"},{"country":"US","numOfThumbsUp":4,"type":"ROAD_CLOSED","subType":"ROAD_CLOSED_EVENT","placeNearBy":null,"latitude":"40.6168153714299","longitude":"-74.36623450112748"},{"country":"US","numOfThumbsUp":0,"type":"HAZARD","subType":"HAZARD_ON_ROAD_POT_HOLE","placeNearBy":null,"latitude":"40.667656","longitude":"-74.486088"},{"country":"US","numOfThumbsUp":0,"type":"HAZARD","subType":"HAZARD_ON_ROAD_POT_HOLE","placeNearBy":null,"latitude":"40.667613","longitude":"-74.486587"},{"country":"US","numOfThumbsUp":25,"type":"ROAD_CLOSED","subType":"ROAD_CLOSED_EVENT","placeNearBy":null,"latitude":"40.718864615271","longitude":"-74.365682780743"},{"country":"US","numOfThumbsUp":33,"type":"ROAD_CLOSED","subType":"ROAD_CLOSED_EVENT","placeNearBy":null,"latitude":"40.717854256918","longitude":"-74.364725232125"},{"country":"US","numOfThumbsUp":1,"type":"ROAD_CLOSED","subType":"ROAD_CLOSED_EVENT","placeNearBy":null,"latitude":"40.717854256918","longitude":"-74.364725232125"},{"country":"US","numOfThumbsUp":1,"type":"ROAD_CLOSED","subType":"ROAD_CLOSED_EVENT","placeNearBy":null,"latitude":"40.71871214768899","longitude":"-74.365559399128"},{"country":"US","numOfThumbsUp":19,"type":"ROAD_CLOSED","subType":"ROAD_CLOSED_EVENT","placeNearBy":null,"latitude":"40.71871214768899","longitude":"-74.365559399128"},{"country":"US","numOfThumbsUp":49,"type":"ROAD_CLOSED","subType":"ROAD_CLOSED_EVENT","placeNearBy":null,"latitude":"40.716823045384","longitude":"-74.363981589676"},{"country":"US","numOfThumbsUp":48,"type":"HAZARD","subType":"HAZARD_ON_ROAD_CONSTRUCTION","placeNearBy":null,"latitude":"40.62061129250234","longitude":"-74.2979725192274"},{"country":"US","numOfThumbsUp":27,"type":"ROAD_CLOSED","subType":"ROAD_CLOSED_EVENT","placeNearBy":null,"latitude":"40.644052876863995","longitude":"-74.209611315136"},{"country":"US","numOfThumbsUp":38,"type":"ROAD_CLOSED","subType":"ROAD_CLOSED_EVENT","placeNearBy":null,"latitude":"40.64420500652098","longitude":"-74.209101695423"},{"country":"US","numOfThumbsUp":0,"type":"HAZARD","subType":"HAZARD_ON_ROAD_POT_HOLE","placeNearBy":null,"latitude":"40.719808","longitude":"-74.18141"},{"country":"US","numOfThumbsUp":0,"type":"JAM","subType":"JAM_STAND_STILL_TRAFFIC","placeNearBy":null,"latitude":"40.726712","longitude":"-74.226143"},{"country":"US","numOfThumbsUp":0,"type":"HAZARD","subType":"HAZARD_ON_SHOULDER_CAR_STOPPED","placeNearBy":null,"latitude":"40.70919","longitude":"-74.183623"},{"country":"US","numOfThumbsUp":0,"type":"HAZARD","subType":"HAZARD_ON_SHOULDER_CAR_STOPPED","placeNearBy":null,"latitude":"40.703645","longitude":"-74.183465"},{"country":"US","numOfThumbsUp":0,"type":"HAZARD","subType":"HAZARD_ON_ROAD_OBJECT","placeNearBy":null,"latitude":"40.724776","longitude":"-74.217999"},{"country":"US","numOfThumbsUp":1,"type":"HAZARD","subType":"HAZARD_ON_ROAD_POT_HOLE","placeNearBy":null,"latitude":"40.719084","longitude":"-74.218654"},{"country":"US","numOfThumbsUp":0,"type":"HAZARD","subType":"HAZARD_ON_ROAD_POT_HOLE","placeNearBy":null,"latitude":"40.720726","longitude":"-74.217265"},{"country":"US","numOfThumbsUp":0,"type":"JAM","subType":"JAM_MODERATE_TRAFFIC","placeNearBy":null,"latitude":"40.758675","longitude":"-74.207796"},{"country":"US","numOfThumbsUp":0,"type":"POLICE","subType":"","placeNearBy":"East Orange","latitude":"40.756879","longitude":"-74.202552"},{"country":"US","numOfThumbsUp":0,"type":"JAM","subType":"JAM_HEAVY_TRAFFIC","placeNearBy":null,"latitude":"40.756139","longitude":"-74.208269"},{"country":"US","numOfThumbsUp":0,"type":"JAM","subType":"JAM_MODERATE_TRAFFIC","placeNearBy":null,"latitude":"40.759069","longitude":"-74.208575"},{"country":"US","numOfThumbsUp":0,"type":"JAM","subType":"JAM_MODERATE_TRAFFIC","placeNearBy":null,"latitude":"40.757104","longitude":"-74.205611"},{"country":"US","numOfThumbsUp":0,"type":"JAM","subType":"JAM_MODERATE_TRAFFIC","placeNearBy":null,"latitude":"40.71831","longitude":"-74.181981"},{"country":"US","numOfThumbsUp":0,"type":"POLICE","subType":"POLICE_VISIBLE","placeNearBy":null,"latitude":"40.562494","longitude":"-74.253819"},{"country":"US","numOfThumbsUp":0,"type":"POLICE","subType":"POLICE_VISIBLE","placeNearBy":null,"latitude":"40.476665","longitude":"-74.49477"},{"country":"US","numOfThumbsUp":0,"type":"JAM","subType":"JAM_STAND_STILL_TRAFFIC","placeNearBy":null,"latitude":"40.555627","longitude":"-74.344011"},{"country":"US","numOfThumbsUp":0,"type":"JAM","subType":"JAM_HEAVY_TRAFFIC","placeNearBy":null,"latitude":"40.547169","longitude":"-74.328186"},{"country":"US","numOfThumbsUp":0,"type":"POLICE","subType":"POLICE_VISIBLE","placeNearBy":null,"latitude":"40.712272","longitude":"-74.344204"},{"country":"US","numOfThumbsUp":0,"type":"POLICE","subType":"POLICE_VISIBLE","placeNearBy":null,"latitude":"40.697881","longitude":"-74.256154"},{"country":"US","numOfThumbsUp":0,"type":"JAM","subType":"JAM_HEAVY_TRAFFIC","placeNearBy":null,"latitude":"40.718352","longitude":"-74.284136"},{"country":"US","numOfThumbsUp":1,"type":"HAZARD","subType":"HAZARD_ON_ROAD_POT_HOLE","placeNearBy":null,"latitude":"40.796043","longitude":"-74.237365"},{"country":"US","numOfThumbsUp":0,"type":"JAM","subType":"","placeNearBy":null,"latitude":"40.482158","longitude":"-74.413494"},{"country":"US","numOfThumbsUp":0,"type":"JAM","subType":"JAM_HEAVY_TRAFFIC","placeNearBy":null,"latitude":"40.541705","longitude":"-74.365381"},{"country":"US","numOfThumbsUp":0,"type":"HAZARD","subType":"HAZARD_ON_SHOULDER_CAR_STOPPED","placeNearBy":null,"latitude":"40.547631","longitude":"-74.291171"},{"country":"US","numOfThumbsUp":0,"type":"JAM","subType":"JAM_MODERATE_TRAFFIC","placeNearBy":null,"latitude":"40.552726","longitude":"-74.432899"},{"country":"US","numOfThumbsUp":0,"type":"JAM","subType":"JAM_HEAVY_TRAFFIC","placeNearBy":null,"latitude":"40.551484","longitude":"-74.432302"},{"country":"US","numOfThumbsUp":0,"type":"HAZARD","subType":"HAZARD_ON_ROAD_OBJECT","placeNearBy":null,"latitude":"40.435674","longitude":"-74.220922"},{"country":"US","numOfThumbsUp":0,"type":"POLICE","subType":"POLICE_HIDING","placeNearBy":null,"latitude":"40.443921","longitude":"-74.23078"},{"country":"US","numOfThumbsUp":0,"type":"JAM","subType":"JAM_HEAVY_TRAFFIC","placeNearBy":null,"latitude":"40.691837","longitude":"-74.283019"},{"country":"US","numOfThumbsUp":0,"type":"JAM","subType":"JAM_HEAVY_TRAFFIC","placeNearBy":null,"latitude":"40.691828","longitude":"-74.283646"},{"country":"US","numOfThumbsUp":0,"type":"JAM","subType":"JAM_HEAVY_TRAFFIC","placeNearBy":null,"latitude":"40.691801","longitude":"-74.284322"},{"country":"US","numOfThumbsUp":0,"type":"POLICE","subType":"POLICE_VISIBLE","placeNearBy":null,"latitude":"40.691789","longitude":"-74.284799"},{"country":"US","numOfThumbsUp":0,"type":"JAM","subType":"JAM_HEAVY_TRAFFIC","placeNearBy":null,"latitude":"40.69176","longitude":"-74.285817"},{"country":"US","numOfThumbsUp":0,"type":"JAM","subType":"JAM_HEAVY_TRAFFIC","placeNearBy":null,"latitude":"40.691734","longitude":"-74.286677"},{"country":"US","numOfThumbsUp":0,"type":"JAM","subType":"JAM_STAND_STILL_TRAFFIC","placeNearBy":null,"latitude":"40.691523","longitude":"-74.288825"},{"country":"US","numOfThumbsUp":0,"type":"JAM","subType":"JAM_MODERATE_TRAFFIC","placeNearBy":null,"latitude":"40.622585","longitude":"-74.246973"},{"country":"US","numOfThumbsUp":0,"type":"POLICE","subType":"POLICE_HIDING","placeNearBy":null,"latitude":"40.711286","longitude":"-74.306437"},{"country":"US","numOfThumbsUp":1,"type":"POLICE","subType":"POLICE_VISIBLE","placeNearBy":null,"latitude":"40.710732","longitude":"-74.307659"},{"country":"US","numOfThumbsUp":0,"type":"JAM","subType":"JAM_STAND_STILL_TRAFFIC","placeNearBy":null,"latitude":"40.69031","longitude":"-74.297576"},{"country":"US","numOfThumbsUp":0,"type":"JAM","subType":"JAM_HEAVY_TRAFFIC","placeNearBy":null,"latitude":"40.692186","longitude":"-74.276152"},{"country":"US","numOfThumbsUp":0,"type":"JAM","subType":"JAM_HEAVY_TRAFFIC","placeNearBy":null,"latitude":"40.692018","longitude":"-74.280118"},{"country":"US","numOfThumbsUp":35,"type":"HAZARD","subType":"HAZARD_ON_ROAD_CONSTRUCTION","placeNearBy":null,"latitude":"40.79321789219809","longitude":"-74.48514973363676"},{"country":"US","numOfThumbsUp":0,"type":"POLICE","subType":"POLICE_VISIBLE","placeNearBy":null,"latitude":"40.78907","longitude":"-74.397894"},{"country":"US","numOfThumbsUp":0,"type":"JAM","subType":"JAM_HEAVY_TRAFFIC","placeNearBy":null,"latitude":"40.796503","longitude":"-74.345495"},{"country":"US","numOfThumbsUp":0,"type":"POLICE","subType":"POLICE_HIDING","placeNearBy":null,"latitude":"40.795689","longitude":"-74.340791"},{"country":"US","numOfThumbsUp":0,"type":"POLICE","subType":"POLICE_VISIBLE","placeNearBy":null,"latitude":"40.800634","longitude":"-74.20378"},{"country":"US","numOfThumbsUp":0,"type":"ACCIDENT","subType":"ACCIDENT_MAJOR","placeNearBy":null,"latitude":"40.742131","longitude":"-74.534089"},{"country":"US","numOfThumbsUp":0,"type":"POLICE","subType":"POLICE_VISIBLE","placeNearBy":null,"latitude":"40.738668","longitude":"-74.535842"},{"country":"US","numOfThumbsUp":25,"type":"POLICE","subType":"POLICE_HIDING","placeNearBy":null,"latitude":"40.397706","longitude":"-74.184488"},{"country":"US","numOfThumbsUp":22,"type":"POLICE","subType":"POLICE_HIDING","placeNearBy":null,"latitude":"40.400212","longitude":"-74.187979"},{"country":"US","numOfThumbsUp":2,"type":"HAZARD","subType":"HAZARD_ON_ROAD_OBJECT","placeNearBy":null,"latitude":"40.406935","longitude":"-74.450657"},{"country":"US","numOfThumbsUp":1,"type":"HAZARD","subType":"HAZARD_ON_ROAD_CAR_STOPPED","placeNearBy":"Helmetta","latitude":"40.403263","longitude":"-74.452021"},{"country":"US","numOfThumbsUp":0,"type":"POLICE","subType":"POLICE_HIDING","placeNearBy":null,"latitude":"40.400416","longitude":"-74.187825"},{"country":"US","numOfThumbsUp":8,"type":"HAZARD","subType":"HAZARD_ON_SHOULDER_CAR_STOPPED","placeNearBy":null,"latitude":"40.47329","longitude":"-74.409226"},{"country":"US","numOfThumbsUp":4,"type":"HAZARD","subType":"HAZARD_ON_SHOULDER_CAR_STOPPED","placeNearBy":null,"latitude":"40.578322","longitude":"-74.245254"},{"country":"US","numOfThumbsUp":9,"type":"HAZARD","subType":"HAZARD_ON_SHOULDER_CAR_STOPPED","placeNearBy":null,"latitude":"40.486244","longitude":"-74.398682"},{"country":"US","numOfThumbsUp":8,"type":"POLICE","subType":"","placeNearBy":null,"latitude":"40.488376","longitude":"-74.302023"},{"country":"US","numOfThumbsUp":3,"type":"HAZARD","subType":"","placeNearBy":null,"latitude":"40.556916","longitude":"-74.206643"},{"country":"US","numOfThumbsUp":1,"type":"HAZARD","subType":"HAZARD_ON_SHOULDER_CAR_STOPPED","placeNearBy":null,"latitude":"40.594693","longitude":"-74.234344"},{"country":"US","numOfThumbsUp":2,"type":"CHIT_CHAT","subType":"","placeNearBy":null,"latitude":"40.565428","longitude":"-74.194488"},{"country":"US","numOfThumbsUp":0,"type":"HAZARD","subType":"HAZARD_ON_SHOULDER_CAR_STOPPED","placeNearBy":null,"latitude":"40.592105","longitude":"-74.235996"},{"country":"US","numOfThumbsUp":0,"type":"HAZARD","subType":"HAZARD_ON_ROAD_CAR_STOPPED","placeNearBy":null,"latitude":"40.602262","longitude":"-74.229604"},{"country":"US","numOfThumbsUp":0,"type":"HAZARD","subType":"HAZARD_ON_SHOULDER_CAR_STOPPED","placeNearBy":null,"latitude":"40.545629","longitude":"-74.397397"},{"country":"US","numOfThumbsUp":0,"type":"CHIT_CHAT","subType":"","placeNearBy":null,"latitude":"40.583432","longitude":"-74.192128"},{"country":"US","numOfThumbsUp":0,"type":"HAZARD","subType":"HAZARD_ON_SHOULDER_ANIMALS","placeNearBy":null,"latitude":"40.555987","longitude":"-74.438494"},{"country":"US","numOfThumbsUp":5,"type":"HAZARD","subType":"HAZARD_ON_SHOULDER_CAR_STOPPED","placeNearBy":null,"latitude":"40.581416","longitude":"-74.242884"},{"country":"US","numOfThumbsUp":18,"type":"HAZARD","subType":"HAZARD_ON_SHOULDER_CAR_STOPPED","placeNearBy":null,"latitude":"40.54909","longitude":"-74.405301"},{"country":"US","numOfThumbsUp":3,"type":"HAZARD","subType":"HAZARD_ON_SHOULDER_CAR_STOPPED","placeNearBy":null,"latitude":"40.593045","longitude":"-74.193046"},{"country":"US","numOfThumbsUp":1,"type":"HAZARD","subType":"HAZARD_ON_SHOULDER_CAR_STOPPED","placeNearBy":null,"latitude":"40.525985","longitude":"-74.225733"},{"country":"US","numOfThumbsUp":0,"type":"HAZARD","subType":"HAZARD_ON_SHOULDER_CAR_STOPPED","placeNearBy":null,"latitude":"40.55589","longitude":"-74.438966"},{"country":"US","numOfThumbsUp":8,"type":"HAZARD","subType":"HAZARD_ON_SHOULDER_CAR_STOPPED","placeNearBy":null,"latitude":"40.579321","longitude":"-74.244132"},{"country":"US","numOfThumbsUp":0,"type":"HAZARD","subType":"HAZARD_ON_SHOULDER_CAR_STOPPED","placeNearBy":null,"latitude":"40.594518","longitude":"-74.233989"},{"country":"US","numOfThumbsUp":2,"type":"HAZARD","subType":"HAZARD_ON_SHOULDER_CAR_STOPPED","placeNearBy":null,"latitude":"40.649182","longitude":"-74.478121"},{"country":"US","numOfThumbsUp":1,"type":"HAZARD","subType":"HAZARD_ON_SHOULDER_CAR_STOPPED","placeNearBy":null,"latitude":"40.664926","longitude":"-74.417854"},{"country":"US","numOfThumbsUp":7,"type":"HAZARD","subType":"HAZARD_ON_SHOULDER_CAR_STOPPED","placeNearBy":null,"latitude":"40.771393","longitude":"-74.482594"},{"country":"US","numOfThumbsUp":14,"type":"HAZARD","subType":"HAZARD_ON_SHOULDER_CAR_STOPPED","placeNearBy":null,"latitude":"40.751497","longitude":"-74.526647"},{"country":"US","numOfThumbsUp":0,"type":"POLICE","subType":"POLICE_VISIBLE","placeNearBy":null,"latitude":"40.765145","longitude":"-74.496824"},{"country":"US","numOfThumbsUp":138,"type":"HAZARD","subType":"HAZARD_ON_ROAD_CONSTRUCTION","placeNearBy":null,"latitude":"40.639758336712426","longitude":"-74.2035240000564"},{"country":"US","numOfThumbsUp":1,"type":"POLICE","subType":"POLICE_VISIBLE","placeNearBy":null,"latitude":"40.664881","longitude":"-74.286119"},{"country":"US","numOfThumbsUp":6,"type":"HAZARD","subType":"HAZARD_ON_SHOULDER_CAR_STOPPED","placeNearBy":null,"latitude":"40.672516","longitude":"-74.281331"},{"country":"US","numOfThumbsUp":1,"type":"POLICE","subType":"","placeNearBy":"Elizabethport","latitude":"40.654121","longitude":"-74.191793"},{"country":"US","numOfThumbsUp":2,"type":"POLICE","subType":"POLICE_VISIBLE","placeNearBy":null,"latitude":"40.6539","longitude":"-74.191726"},{"country":"US","numOfThumbsUp":3,"type":"HAZARD","subType":"HAZARD_ON_SHOULDER_CAR_STOPPED","placeNearBy":null,"latitude":"40.659532","longitude":"-74.287094"},{"country":"US","numOfThumbsUp":13,"type":"HAZARD","subType":"HAZARD_ON_SHOULDER_CAR_STOPPED","placeNearBy":null,"latitude":"40.651106","longitude":"-74.197879"},{"country":"US","numOfThumbsUp":2,"type":"POLICE","subType":"","placeNearBy":null,"latitude":"40.628366","longitude":"-74.182765"},{"country":"US","numOfThumbsUp":1,"type":"JAM","subType":"JAM_HEAVY_TRAFFIC","placeNearBy":null,"latitude":"40.641938","longitude":"-74.206801"},{"country":"US","numOfThumbsUp":2,"type":"HAZARD","subType":"HAZARD_ON_SHOULDER_CAR_STOPPED","placeNearBy":null,"latitude":"40.609521","longitude":"-74.225593"},{"country":"US","numOfThumbsUp":1,"type":"POLICE","subType":"","placeNearBy":null,"latitude":"40.744046","longitude":"-74.214023"},{"country":"US","numOfThumbsUp":0,"type":"HAZARD","subType":"HAZARD_ON_SHOULDER","placeNearBy":null,"latitude":"40.704888","longitude":"-74.241378"},{"country":"US","numOfThumbsUp":0,"type":"HAZARD","subType":"HAZARD_ON_SHOULDER_CAR_STOPPED","placeNearBy":null,"latitude":"40.712519","longitude":"-74.313779"},{"country":"US","numOfThumbsUp":0,"type":"HAZARD","subType":"HAZARD_ON_ROAD_CONSTRUCTION","placeNearBy":null,"latitude":"40.750714","longitude":"-74.212088"},{"country":"US","numOfThumbsUp":1,"type":"JAM","subType":"","placeNearBy":null,"latitude":"40.718191","longitude":"-74.237271"},{"country":"US","numOfThumbsUp":0,"type":"JAM","subType":"JAM_STAND_STILL_TRAFFIC","placeNearBy":null,"latitude":"40.753088","longitude":"-74.211131"},{"country":"US","numOfThumbsUp":1,"type":"JAM","subType":"JAM_HEAVY_TRAFFIC","placeNearBy":null,"latitude":"40.724254","longitude":"-74.229043"},{"country":"US","numOfThumbsUp":91,"type":"HAZARD","subType":"HAZARD_ON_ROAD_CONSTRUCTION","placeNearBy":null,"latitude":"40.74647","longitude":"-74.213292"},{"country":"US","numOfThumbsUp":20,"type":"HAZARD","subType":"HAZARD_ON_ROAD_CONSTRUCTION","placeNearBy":null,"latitude":"40.748213","longitude":"-74.212838"},{"country":"US","numOfThumbsUp":1,"type":"HAZARD","subType":"","placeNearBy":null,"latitude":"40.724511","longitude":"-74.228733"},{"country":"US","numOfThumbsUp":0,"type":"JAM","subType":"JAM_STAND_STILL_TRAFFIC","placeNearBy":null,"latitude":"40.754861","longitude":"-74.21041"},{"country":"US","numOfThumbsUp":0,"type":"JAM","subType":"","placeNearBy":null,"latitude":"40.710685","longitude":"-74.244362"},{"country":"US","numOfThumbsUp":1,"type":"HAZARD","subType":"HAZARD_ON_SHOULDER_CAR_STOPPED","placeNearBy":null,"latitude":"40.756534","longitude":"-74.201312"},{"country":"US","numOfThumbsUp":1,"type":"POLICE","subType":"POLICE_VISIBLE","placeNearBy":null,"latitude":"40.724134","longitude":"-74.229188"},{"country":"US","numOfThumbsUp":0,"type":"HAZARD","subType":"HAZARD_ON_SHOULDER_CAR_STOPPED","placeNearBy":null,"latitude":"40.706015","longitude":"-74.250964"},{"country":"US","numOfThumbsUp":0,"type":"JAM","subType":"JAM_HEAVY_TRAFFIC","placeNearBy":null,"latitude":"40.772872","longitude":"-74.204705"},{"country":"US","numOfThumbsUp":0,"type":"JAM","subType":"JAM_HEAVY_TRAFFIC","placeNearBy":null,"latitude":"40.778385","longitude":"-74.201074"},{"country":"US","numOfThumbsUp":0,"type":"JAM","subType":"","placeNearBy":null,"latitude":"40.710209","longitude":"-74.244526"},{"country":"US","numOfThumbsUp":0,"type":"JAM","subType":"JAM_HEAVY_TRAFFIC","placeNearBy":null,"latitude":"40.759096","longitude":"-74.208219"},{"country":"US","numOfThumbsUp":0,"type":"POLICE","subType":"","placeNearBy":"Bloomfield","latitude":"40.804288","longitude":"-74.184828"},{"country":"US","numOfThumbsUp":0,"type":"JAM","subType":"JAM_STAND_STILL_TRAFFIC","placeNearBy":null,"latitude":"40.785877","longitude":"-74.200093"},{"country":"US","numOfThumbsUp":0,"type":"POLICE","subType":"POLICE_VISIBLE","placeNearBy":null,"latitude":"40.797491","longitude":"-74.263149"},{"country":"US","numOfThumbsUp":1,"type":"JAM","subType":"","placeNearBy":null,"latitude":"40.806002","longitude":"-74.444708"},{"country":"US","numOfThumbsUp":13,"type":"POLICE","subType":"POLICE_VISIBLE","placeNearBy":null,"latitude":"40.803261","longitude":"-74.185117"},{"country":"US","numOfThumbsUp":1,"type":"JAM","subType":"JAM_HEAVY_TRAFFIC","placeNearBy":null,"latitude":"40.786742","longitude":"-74.19943"}],"jams":[{"severity":3,"type":"Medium","country":"US","end":null,"start":null,"street":"Jefferson Ave","startLatitude":"40.599244","startLongitude":"-74.463351","endLatitude":"40.602228","endLongitude":"-74.465919","delayInSec":-1},{"severity":3,"type":"Medium","country":"US","end":"Jefferson Ave","start":null,"street":"Jefferson Ave","startLatitude":"40.602228","startLongitude":"-74.465919","endLatitude":"40.599244","endLongitude":"-74.463351","delayInSec":-1},{"severity":3,"type":"Medium","country":"US","end":null,"start":null,"street":"to I-278 E / Goethals Bridge","startLatitude":"40.644052","startLongitude":"-74.209611","endLatitude":"40.643767","endLongitude":"-74.208643","delayInSec":-1},{"severity":2,"type":"Medium","country":"US","end":null,"start":null,"street":"to I-278 E / Goethals Bridge","startLatitude":"40.644205","startLongitude":"-74.209101","endLatitude":"40.643767","endLongitude":"-74.208643","delayInSec":-1},{"severity":2,"type":"Medium","country":"US","end":"Springfield Ave","start":null,"street":"Morris Ave","startLatitude":"40.717854","startLongitude":"-74.364725","endLatitude":"40.716823","endLongitude":"-74.363981","delayInSec":-1},{"severity":2,"type":"Medium","country":"US","end":"Garden State Pkwy S","start":null,"street":"Garden State Pkwy S","startLatitude":"40.781352","startLongitude":"-74.201377","endLatitude":"40.749214","endLongitude":"-74.212578","delayInSec":327},{"severity":2,"type":"Medium","country":"US","end":"Kent Place Blvd","start":null,"street":"Morris Ave","startLatitude":"40.718712","startLongitude":"-74.365559","endLatitude":"40.718864","endLongitude":"-74.365682","delayInSec":-1},{"severity":2,"type":"Medium","country":"US","end":null,"start":null,"street":"Morris Ave","startLatitude":"40.718712","startLongitude":"-74.365559","endLatitude":"40.717854","endLongitude":"-74.364725","delayInSec":-1},{"severity":2,"type":"Medium","country":"US","end":"US-22 W","start":null,"street":"US-22 W","startLatitude":"40.691996","startLongitude":"-74.268613","endLatitude":"40.689174","endLongitude":"-74.307103","delayInSec":604},{"severity":2,"type":"Medium","country":"US","end":null,"start":null,"street":"Morris Ave","startLatitude":"40.716823","startLongitude":"-74.363981","endLatitude":"40.717854","endLongitude":"-74.364725","delayInSec":-1},{"severity":2,"type":"Medium","country":"US","end":"Garden State Pkwy N","start":null,"street":"Garden State Pkwy N","startLatitude":"40.707852","startLongitude":"-74.245093","endLatitude":"40.732255","endLongitude":"-74.221305","delayInSec":265},{"severity":2,"type":"Medium","country":"US","end":null,"start":null,"street":"Morris Ave","startLatitude":"40.718864","startLongitude":"-74.365682","endLatitude":"40.718712","endLongitude":"-74.365559","delayInSec":-1},{"severity":2,"type":"Medium","country":"US","end":"Terrill Rd","start":null,"street":"Raritan Rd","startLatitude":"40.616815","startLongitude":"-74.366234","endLatitude":"40.617335","endLongitude":"-74.365759","delayInSec":-1},{"severity":2,"type":"Medium","country":"US","end":"Kent Place Blvd","start":null,"street":"Morris Ave","startLatitude":"40.717854","startLongitude":"-74.364725","endLatitude":"40.718712","endLongitude":"-74.365559","delayInSec":-1},{"severity":2,"type":"Medium","country":"US","end":null,"start":null,"street":"Raritan Rd","startLatitude":"40.617335","startLongitude":"-74.365759","endLatitude":"40.616815","endLongitude":"-74.366234","delayInSec":-1},{"severity":1,"type":"Medium","country":"US","end":"to Garden State Pkwy N","start":null,"street":"US-1 N","startLatitude":"40.545971","startLongitude":"-74.329121","endLatitude":"40.551335","endLongitude":"-74.319554","delayInSec":127},{"severity":1,"type":"Medium","country":"US","end":"South Orange Ave","start":null,"street":"Walnut St","startLatitude":"40.773842","startLongitude":"-74.351565","endLatitude":"40.770988","endLongitude":"-74.351805","delayInSec":144},{"severity":1,"type":"Medium","country":"US","end":"French St","start":null,"street":"Jersey Ave","startLatitude":"40.468205","startLongitude":"-74.47897","endLatitude":"40.491481","endLongitude":"-74.454555","delayInSec":178},{"severity":1,"type":"Medium","country":"US","end":"West End Ave","start":null,"street":"US-22 E","startLatitude":"40.611661","startLongitude":"-74.461228","endLatitude":"40.617689","endLongitude":"-74.451958","delayInSec":139},{"severity":1,"type":"Medium","country":"US","end":"US-1 S","start":null,"street":"US-1 S","startLatitude":"40.440934","startLongitude":"-74.50481","endLatitude":"40.431654","endLongitude":"-74.51602","delayInSec":60},{"severity":1,"type":"Medium","country":"US","end":"to US-1 S: New Brunswick","start":null,"street":"US-1 S","startLatitude":"40.511917","startLongitude":"-74.382905","endLatitude":"40.504079","endLongitude":"-74.399104","delayInSec":72},{"severity":1,"type":"Medium","country":"US","end":"Kilmer Rd","start":null,"street":"Plainfield Ave","startLatitude":"40.512641","startLongitude":"-74.402457","endLatitude":"40.518609","endLongitude":"-74.40959","delayInSec":210},{"severity":1,"type":"Medium","country":"US","end":"US-1-9","start":null,"street":"US-1-9","startLatitude":"40.60324","startLongitude":"-74.265255","endLatitude":"40.613446","endLongitude":"-74.255465","delayInSec":124},{"severity":1,"type":"Medium","country":"US","end":"US-1","start":null,"street":"Woodbridge Center Dr","startLatitude":"40.555801","startLongitude":"-74.304453","endLatitude":"40.557094","endLongitude":"-74.308674","delayInSec":221},{"severity":1,"type":"Medium","country":"US","end":"US-1-9 N","start":null,"street":"US-1-9","startLatitude":"40.619575","startLongitude":"-74.249787","endLatitude":"40.626529","endLongitude":"-74.243337","delayInSec":84},{"severity":1,"type":"Medium","country":"US","end":"to I- 280","start":null,"street":"Prospect Ave","startLatitude":"40.80783985449517","startLongitude":"-74.24637259827816","endLatitude":"40.801292","endLongitude":"-74.250091","delayInSec":227},{"severity":1,"type":"Medium","country":"US","end":"John F Kennedy Pkwy","start":null,"street":"South Orange Ave","startLatitude":"40.758483","startLongitude":"-74.318702","endLatitude":"40.76301","endLongitude":"-74.330767","delayInSec":94},{"severity":1,"type":"Medium","country":"US","end":"Raymond Blvd","start":null,"street":"McCarter Hwy","startLatitude":"40.720083","startLongitude":"-74.179576","endLatitude":"40.735939","endLongitude":"-74.165833","delayInSec":355},{"severity":1,"type":"Medium","country":"US","end":"SR-21","start":null,"street":"McCarter Hwy","startLatitude":"40.741288","startLongitude":"-74.165676","endLatitude":"40.721237","endLongitude":"-74.17835","delayInSec":509},{"severity":0,"type":"Medium","country":"US","end":"Springfield Ave","start":null,"street":"Springfield Ave","startLatitude":"40.724716","startLongitude":"-74.240688","endLatitude":"40.723714","endLongitude":"-74.248072","delayInSec":89},{"severity":0,"type":"Medium","country":"US","end":"Union Ave","start":null,"street":"Lyons Ave","startLatitude":"40.718034","startLongitude":"-74.227945","endLatitude":"40.721945","endLongitude":"-74.233291","delayInSec":76},{"severity":0,"type":"Medium","country":"US","end":"14th Ave","start":null,"street":"Grove St","startLatitude":"40.736614","startLongitude":"-74.2148","endLatitude":"40.741498","endLongitude":"-74.211958","delayInSec":115},{"severity":0,"type":"Medium","country":"US","end":"Grove St","start":null,"street":"Lyons Ave","startLatitude":"40.721945","startLongitude":"-74.233291","endLatitude":"40.718034","endLongitude":"-74.227945","delayInSec":90},{"severity":0,"type":"Medium","country":"US","end":"Burnet Ave","start":null,"street":"Springfield Ave","startLatitude":"40.723571","startLongitude":"-74.249132","endLatitude":"40.722331","endLongitude":"-74.257935","delayInSec":67},{"severity":0,"type":"Medium","country":"US","end":"Springfield Ave","start":null,"street":"Clinton Ave","startLatitude":"40.725338","startLongitude":"-74.225411","endLatitude":"40.726436","endLongitude":"-74.228598","delayInSec":88},{"severity":0,"type":"Medium","country":"US","end":"Warwick Rd","start":null,"street":"Oak Tree Rd","startLatitude":"40.576547","startLongitude":"-74.378576","endLatitude":"40.574738","endLongitude":"-74.369673","delayInSec":80},{"severity":0,"type":"Medium","country":"US","end":"18th Ave","start":null,"street":"Irvine Turner Blvd","startLatitude":"40.721627","startLongitude":"-74.19361","endLatitude":"40.72895","endLongitude":"-74.190565","delayInSec":75},{"severity":0,"type":"Medium","country":"US","end":"South Orange Ave","start":null,"street":"Passaic Ave","startLatitude":"40.767648","startLongitude":"-74.352465","endLatitude":"40.770988","endLongitude":"-74.351805","delayInSec":91},{"severity":0,"type":"Medium","country":"US","end":"Colonia Blvd","start":null,"street":"Saint Georges Ave","startLatitude":"40.592156","startLongitude":"-74.290854","endLatitude":"40.59439","endLongitude":"-74.290751","delayInSec":121},{"severity":0,"type":"Medium","country":"US","end":"US-22 W","start":null,"street":"W Chestnut St","startLatitude":"40.69351","startLongitude":"-74.284645","endLatitude":"40.691537","endLongitude":"-74.288721","delayInSec":148},{"severity":0,"type":"Medium","country":"US","end":"Old Bridge","start":"Greater Old Bridge Area","street":"Margaret St","startLatitude":"40.396225","startLongitude":"-74.314163","endLatitude":"40.39062","endLongitude":"-74.315026","delayInSec":170},{"severity":0,"type":"Medium","country":"US","end":"E 5th St","start":null,"street":"Watchung Ave","startLatitude":"40.620753","startLongitude":"-74.423274","endLatitude":"40.617903","endLongitude":"-74.417586","delayInSec":111},{"severity":0,"type":"Medium","country":"US","end":"Manalapan Rd","start":null,"street":"Main St","startLatitude":"40.397671","startLongitude":"-74.383472","endLatitude":"40.391558","endLongitude":"-74.390626","delayInSec":63},{"severity":0,"type":"Medium","country":"US","end":"Elmwood Ave","start":null,"street":"Caldwell Ave","startLatitude":"40.699567","startLongitude":"-74.274501","endLatitude":"40.696528","endLongitude":"-74.278078","delayInSec":72},{"severity":0,"type":"Medium","country":"US","end":"Bank St","start":null,"street":"Washington St","startLatitude":"40.797982","startLongitude":"-74.483454","endLatitude":"40.796932","endLongitude":"-74.481991","delayInSec":87},{"severity":0,"type":"Medium","country":"US","end":"S Park Pl","start":null,"street":"South St","startLatitude":"40.791918","startLongitude":"-74.475868","endLatitude":"40.796344","endLongitude":"-74.481144","delayInSec":80},{"severity":0,"type":"Medium","country":"US","end":"Valley Rd","start":null,"street":"Bloomfield Ave","startLatitude":"40.811014","startLongitude":"-74.213929","endLatitude":"40.815087","endLongitude":"-74.219097","delayInSec":85},{"severity":0,"type":"Medium","country":"US","end":"S Fullerton Ave","start":null,"street":"Hawthorne Pl","startLatitude":"40.807317","startLongitude":"-74.215741","endLatitude":"40.808944","endLongitude":"-74.218841","delayInSec":113},{"severity":0,"type":"Medium","country":"US","end":"North Ave E","start":null,"street":"Springfield Ave","startLatitude":"40.658575","startLongitude":"-74.303666","endLatitude":"40.656557","endLongitude":"-74.301226","delayInSec":81},{"severity":0,"type":"Medium","country":"US","end":"Bloomfield Ave","start":null,"street":"Grove St","startLatitude":"40.814166","startLongitude":"-74.209001","endLatitude":"40.810272","endLongitude":"-74.212863","delayInSec":72},{"severity":0,"type":"Medium","country":"US","end":"Millburn Ave","start":null,"street":"Springfield Ave","startLatitude":"40.716893","startLongitude":"-74.293267","endLatitude":"40.718977","endLongitude":"-74.280936","delayInSec":92},{"severity":0,"type":"Medium","country":"US","end":"Chancellor Ave","start":null,"street":"40th St","startLatitude":"40.717165","startLongitude":"-74.250881","endLatitude":"40.72088","endLongitude":"-74.247686","delayInSec":85},{"severity":0,"type":"Medium","country":"US","end":"US-1-9 EXPRESS S","start":null,"street":"North Ave","startLatitude":"40.679418","startLongitude":"-74.201976","endLatitude":"40.677522","endLongitude":"-74.197436","delayInSec":73},{"severity":0,"type":"Medium","country":"US","end":"Market St","start":null,"street":"Springfield Ave","startLatitude":"40.734646","startLongitude":"-74.188322","endLatitude":"40.737042","endLongitude":"-74.177225","delayInSec":72},{"severity":0,"type":"Medium","country":"US","end":"Bloomfield Ave","start":null,"street":"Bloomfield Ave","startLatitude":"40.790482","startLongitude":"-74.195903","endLatitude":"40.79575","endLongitude":"-74.199404","delayInSec":71},{"severity":0,"type":"Medium","country":"US","end":"Lincoln Hwy","start":null,"street":"Plainfield Ave","startLatitude":"40.516131","startLongitude":"-74.405564","endLatitude":"40.514323","endLongitude":"-74.403833","delayInSec":117},{"severity":0,"type":"Medium","country":"US","end":"N Bridge St","start":null,"street":"Veterans Rd W","startLatitude":"40.534445","startLongitude":"-74.224804","endLatitude":"40.527672","endLongitude":"-74.230199","delayInSec":74},{"severity":0,"type":"Medium","country":"US","end":"Park Ave S","start":null,"street":"US-1-9 S","startLatitude":"40.648519","startLongitude":"-74.223897","endLatitude":"40.646524","endLongitude":"-74.225752","delayInSec":112},{"severity":0,"type":"Medium","country":"US","end":"Jersey Ave","start":null,"street":"Elmora Ave","startLatitude":"40.657666","startLongitude":"-74.230515","endLatitude":"40.661609","endLongitude":"-74.233312","delayInSec":178},{"severity":0,"type":"Medium","country":"US","end":"Woodland Ave","start":null,"street":"Sheridan Ave","startLatitude":"40.663488","startLongitude":"-74.250624","endLatitude":"40.670283","endLongitude":"-74.256427","delayInSec":65},{"severity":0,"type":"Medium","country":"US","end":"Old Bridge Tpke","start":null,"street":"Main St","startLatitude":"40.416596","startLongitude":"-74.361537","endLatitude":"40.414125","endLongitude":"-74.366534","delayInSec":86},{"severity":0,"type":"Medium","country":"US","end":"Lyons Ave","start":null,"street":"Wainwright St","startLatitude":"40.70959","startLongitude":"-74.225437","endLatitude":"40.713823","endLongitude":"-74.221425","delayInSec":72},{"severity":0,"type":"Medium","country":"US","end":"Bayway Ave","start":null,"street":"S Broad St","startLatitude":"40.652112","startLongitude":"-74.215972","endLatitude":"40.647422","endLongitude":"-74.216439","delayInSec":70},{"severity":0,"type":"Medium","country":"US","end":"Main St","start":null,"street":"Middlesex Ave","startLatitude":"40.538919","startLongitude":"-74.369351","endLatitude":"40.542721","endLongitude":"-74.363957","delayInSec":83},{"severity":0,"type":"Medium","country":"US","end":"Springfield Ave","start":null,"street":"Vauxhall Rd","startLatitude":"40.712439","startLongitude":"-74.281277","endLatitude":"40.718434","endLongitude":"-74.284232","delayInSec":107},{"severity":0,"type":"Medium","country":"US","end":"Garden State Pkwy S","start":null,"street":"to Garden State Pkwy S","startLatitude":"40.755592","startLongitude":"-74.206375","endLatitude":"40.753438","endLongitude":"-74.210975","delayInSec":212},{"severity":0,"type":"Medium","country":"US","end":"15th Ave","start":null,"street":"S 12th St","startLatitude":"40.743184","startLongitude":"-74.201312","endLatitude":"40.739498","endLongitude":"-74.202921","delayInSec":74},{"severity":0,"type":"Medium","country":"US","end":"US-1-9 N","start":null,"street":"E Grand St","startLatitude":"40.666489","startLongitude":"-74.213997","endLatitude":"40.665476","endLongitude":"-74.204933","delayInSec":320},{"severity":0,"type":"Medium","country":"US","end":"N Essex Ave","start":null,"street":"Main St","startLatitude":"40.776266","startLongitude":"-74.23852","endLatitude":"40.772699","endLongitude":"-74.230921","delayInSec":125},{"severity":0,"type":"Medium","country":"US","end":"Nesbitt St","start":null,"street":"Orange St","startLatitude":"40.751349","startLongitude":"-74.185824","endLatitude":"40.748605","endLongitude":"-74.180227","delayInSec":73},{"severity":0,"type":"Medium","country":"US","end":"Summit Ave","start":null,"street":"Main St","startLatitude":"40.742485","startLongitude":"-74.388056","endLatitude":"40.739497","endLongitude":"-74.378466","delayInSec":144},{"severity":0,"type":"Medium","country":"US","end":"Livingston Ave","start":null,"street":"How Ln","startLatitude":"40.469534","startLongitude":"-74.481195","endLatitude":"40.465577","endLongitude":"-74.474565","delayInSec":86},{"severity":0,"type":"Medium","country":"US","end":"Main St","start":null,"street":"Park Ave","startLatitude":"40.780047","startLongitude":"-74.234407","endLatitude":"40.781285","endLongitude":"-74.237185","delayInSec":92},{"severity":0,"type":"Medium","country":"US","end":"Rutledge Ave","start":null,"street":"N Arlington Ave","startLatitude":"40.768975","startLongitude":"-74.204848","endLatitude":"40.772132","endLongitude":"-74.202365","delayInSec":87},{"severity":0,"type":"Medium","country":"US","end":"Hudson St","start":null,"street":"Warren St","startLatitude":"40.742768","startLongitude":"-74.183667","endLatitude":"40.74364","endLongitude":"-74.186263","delayInSec":101},{"severity":0,"type":"Medium","country":"US","end":null,"start":null,"street":"Bergen St","startLatitude":"40.74546","startLongitude":"-74.189757","endLatitude":"40.741302","endLongitude":"-74.191938","delayInSec":164},{"severity":0,"type":"Medium","country":"US","end":"Park Ave","start":null,"street":"Main St","startLatitude":"40.752891","startLongitude":"-74.40546","endLatitude":"40.759564","endLongitude":"-74.416355","delayInSec":109},{"severity":0,"type":"Medium","country":"US","end":"Ford Ave","start":null,"street":"Summit Ave","startLatitude":"40.536258","startLongitude":"-74.305336","endLatitude":"40.535408","endLongitude":"-74.314801","delayInSec":115},{"severity":3,"type":"Medium","country":"US","end":"Frank Rogers Blvd S","start":null,"street":"Railroad Ave","startLatitude":"40.741469","startLongitude":"-74.160035","endLatitude":"40.741608","endLongitude":"-74.155818","delayInSec":-1},{"severity":2,"type":"Medium","country":"US","end":"I-280 E","start":null,"street":"to I-280 E","startLatitude":"40.748266","startLongitude":"-74.167601","endLatitude":"40.748006","endLongitude":"-74.167195","delayInSec":-1},{"severity":0,"type":"Medium","country":"US","end":"Broad St","start":null,"street":"Market St","startLatitude":"40.737705","startLongitude":"-74.179054","endLatitude":"40.735581","endLongitude":"-74.172119","delayInSec":126},{"severity":0,"type":"Medium","country":"US","end":"Jersey Gardens Blvd","start":null,"street":"Kapkowski Rd","startLatitude":"40.663992","startLongitude":"-74.173744","endLatitude":"40.660408","endLongitude":"-74.17658","delayInSec":80},{"severity":2,"type":"Medium","country":"US","end":"to I-278 E / Staten Island Expwy / Verrazano Br / Brooklyn","start":null,"street":"I-278 E / Staten Island Expwy","startLatitude":"40.609086","startLongitude":"-74.149701","endLatitude":"40.608574","endLongitude":"-74.126849","delayInSec":91},{"severity":2,"type":"Medium","country":"US","end":"to US-46 W","start":null,"street":"SR-3 W","startLatitude":"40.855018","startLongitude":"-74.177709","endLatitude":"40.869813","endLongitude":"-74.186349","delayInSec":161},{"severity":1,"type":"Medium","country":"US","end":"Union Ave","start":null,"street":"SR-36 N","startLatitude":"40.438531","startLongitude":"-74.154266","endLatitude":"40.438057","endLongitude":"-74.164568","delayInSec":126},{"severity":0,"type":"Medium","country":"US","end":null,"start":null,"street":"Jersey Gardens Blvd","startLatitude":"40.663277","startLongitude":"-74.174241","endLatitude":"40.65812","endLongitude":"-74.166419","delayInSec":153},{"severity":0,"type":"Medium","country":"US","end":"North Ave E","start":null,"street":"Kapkowski Rd","startLatitude":"40.66553671995016","startLongitude":"-74.17267238800353","endLatitude":"40.667084","endLongitude":"-74.171599","delayInSec":71},{"severity":0,"type":"Medium","country":"US","end":"Springfield Ave","start":null,"street":"Market St","startLatitude":"40.733827","startLongitude":"-74.164389","endLatitude":"40.736021","endLongitude":"-74.17372","delayInSec":97},{"severity":0,"type":"Medium","country":"US","end":"Broad St","start":null,"street":"Broadway","startLatitude":"40.75756","startLongitude":"-74.169692","endLatitude":"40.752058","endLongitude":"-74.17065","delayInSec":111},{"severity":1,"type":"Medium","country":"US","end":"Richmond Rd","start":null,"street":"Richmond Hill Rd","startLatitude":"40.581056","startLongitude":"-74.153359","endLatitude":"40.572012","endLongitude":"-74.14699","delayInSec":358},{"severity":1,"type":"Medium","country":"US","end":"Texas Rd","start":null,"street":"Texas Rd","startLatitude":"40.35564980817589","startLongitude":"-74.34961029516255","endLatitude":"40.35652","endLongitude":"-74.354245","delayInSec":141},{"severity":0,"type":"Medium","country":"US","end":"Market St","start":null,"street":"Mulberry St","startLatitude":"40.737702","startLongitude":"-74.167295","endLatitude":"40.734802","endLongitude":"-74.169296","delayInSec":99},{"severity":0,"type":"Medium","country":"US","end":"Raymond Plz E","start":null,"street":"Market St","startLatitude":"40.734581","startLongitude":"-74.168086","endLatitude":"40.733762","endLongitude":"-74.164108","delayInSec":95},{"severity":0,"type":"Medium","country":"US","end":"Wilson Ave","start":null,"street":"Lafayette St","startLatitude":"40.73115","startLongitude":"-74.167287","endLatitude":"40.727093","endLongitude":"-74.158099","delayInSec":161},{"severity":0,"type":"Medium","country":"US","end":"Park Ave","start":null,"street":"Bloomfield Ave","startLatitude":"40.833647","startLongitude":"-74.250003","endLatitude":"40.828813","endLongitude":"-74.240842","delayInSec":63},{"severity":1,"type":"Medium","country":"US","end":"Kingston","start":"Pl","street":"Schalks Crossing Rd","startLatitude":"40.358059","startLongitude":"-74.589343","endLatitude":"40.366265","endLongitude":"-74.590473","delayInSec":126},{"severity":0,"type":"Medium","country":"US","end":"Richmond Ave","start":null,"street":"Amboy Rd","startLatitude":"40.544837","startLongitude":"-74.161463","endLatitude":"40.5433","endLongitude":"-74.164231","delayInSec":132},{"severity":1,"type":"Medium","country":"US","end":"Jewett Ave","start":null,"street":"Forest Ave","startLatitude":"40.626889","startLongitude":"-74.126663","endLatitude":"40.626419","endLongitude":"-74.130093","delayInSec":284},{"severity":1,"type":"Medium","country":"US","end":"Brielle Ave","start":null,"street":"Gansevoort Blvd","startLatitude":"40.603597","startLongitude":"-74.126488","endLatitude":"40.599112","endLongitude":"-74.125635","delayInSec":252},{"severity":0,"type":"Medium","country":"US","end":"Merchant St","start":null,"street":"Ferry St","startLatitude":"40.731172","startLongitude":"-74.161508","endLatitude":"40.727958","endLongitude":"-74.155438","delayInSec":261}]}